rule_type,rule_value,combination,player0_win_rate,total_games,player0_wins
movement_pushrequirement,LEAPFROG_EVEN,movement: LEAPFROG + pushrequirement: EVEN,0.5961538461538461,104.0,62.0
pushrequirement_victory,UNEVEN_ONE_OF_EACH,pushrequirement: UNEVEN + victory: ONE_OF_EACH,0.5746268656716418,134.0,77.0
pushrequirement_victory,EVEN_YOUR_COLOR,pushrequirement: EVEN + victory: YOUR_COLOR,0.574468085106383,94.0,54.0
movement_pushrequirement,MOVE_EXACTLY_2_UNEVEN,movement: MOVE_EXACTLY_2 + pushrequirement: UNEVEN,0.5514705882352942,136.0,75.0
pushrequirement_victory,FEWER_OR_MORE_YOUR_COLOR,pushrequirement: FEWER_OR_MORE + victory: YOUR_COLOR,0.55,120.0,66.0
pushout_pushrequirement,CENTER_IF_FREE_FEWER_OR_MORE,pushout: CENTER_IF_FREE + pushrequirement: FEWER_OR_MORE,0.5487804878048781,164.0,90.0
movement_pushrequirement,MOVE_EXACTLY_2_MORE,movement: MOVE_EXACTLY_2 + pushrequirement: MORE,0.5462962962962963,108.0,59.0
movement_pushrequirement,LEAPFROG_MORE,movement: LEAPFROG + pushrequirement: MORE,0.5416666666666666,144.0,78.0
pushout_pushrequirement,CENTER_IF_FREE_EVEN,pushout: CENTER_IF_FREE + pushrequirement: EVEN,0.5416666666666666,144.0,78.0
pushout_pushrequirement,CENTER_REPLACE_EVEN,pushout: CENTER_REPLACE + pushrequirement: EVEN,0.5411764705882353,170.0,92.0
movement_pushrequirement,LEAPFROG_FEWER_OR_MORE,movement: LEAPFROG + pushrequirement: FEWER_OR_MORE,0.54,100.0,54.0
pushrequirement_victory,EVEN_PUSH_OUT,pushrequirement: EVEN + victory: PUSH_OUT,0.5373134328358209,134.0,72.0
pushrequirement_victory,MORE_ANY_THREE,pushrequirement: MORE + victory: ANY_THREE,0.5288461538461539,104.0,55.0
pushout_pushrequirement,OUT_IS_GONE_MORE,pushout: OUT_IS_GONE + pushrequirement: MORE,0.525974025974026,154.0,81.0
pushrequirement_victory,MORE_OR_EQUAL_PUSH_OUT,pushrequirement: MORE_OR_EQUAL + victory: PUSH_OUT,0.5169491525423728,118.0,61.0
movement_pushrequirement,MOVE_1_FEWER_OR_MORE,movement: MOVE_1 + pushrequirement: FEWER_OR_MORE,0.5158730158730159,126.0,65.0
pushrequirement_victory,MORE_YOUR_COLOR,pushrequirement: MORE + victory: YOUR_COLOR,0.5144927536231884,138.0,71.0
movement_pushout,LEAPFROG_OUT_IS_GONE,movement: LEAPFROG + pushout: OUT_IS_GONE,0.5120967741935484,248.0,127.0
pushout_pushrequirement,CENTER_IF_FREE_MORE,pushout: CENTER_IF_FREE + pushrequirement: MORE,0.5113636363636364,176.0,90.0
push_pushrequirement,PUSH_1_EVEN,push: PUSH_1 + pushrequirement: EVEN,0.5108225108225108,462.0,236.0
pushrequirement,EVEN,pushrequirement: EVEN,0.5108225108225108,462.0,236.0
pushrequirement,MORE,pushrequirement: MORE,0.508,500.0,254.0
push_pushrequirement,PUSH_1_MORE,push: PUSH_1 + pushrequirement: MORE,0.508,500.0,254.0
movement_pushrequirement,MOVE_2_EVEN,movement: MOVE_2 + pushrequirement: EVEN,0.5073529411764706,136.0,69.0
movement_victory,LEAPFROG_YOUR_COLOR,movement: LEAPFROG + victory: YOUR_COLOR,0.5044642857142857,224.0,113.0
movement_victory,MOVE_2_ONE_OF_EACH,movement: MOVE_2 + victory: ONE_OF_EACH,0.504,250.0,126.0
movement_pushout,MOVE_2_CENTER_IF_FREE,movement: MOVE_2 + pushout: CENTER_IF_FREE,0.5035211267605634,284.0,143.0
pushrequirement_victory,MORE_PUSH_OUT,pushrequirement: MORE + victory: PUSH_OUT,0.5,130.0,65.0
pushout_pushrequirement,CENTER_REPLACE_MORE_OR_EQUAL,pushout: CENTER_REPLACE + pushrequirement: MORE_OR_EQUAL,0.5,168.0,84.0
movement_pushout,MOVE_EXACTLY_2_CENTER_REPLACE,movement: MOVE_EXACTLY_2 + pushout: CENTER_REPLACE,0.5,304.0,152.0
pushout_pushrequirement,CENTER_IF_FREE_UNEVEN,pushout: CENTER_IF_FREE + pushrequirement: UNEVEN,0.4951923076923077,208.0,103.0
pushrequirement_victory,MORE_ONE_OF_EACH,pushrequirement: MORE + victory: ONE_OF_EACH,0.4921875,128.0,63.0
pushrequirement,FEWER_OR_MORE,pushrequirement: FEWER_OR_MORE,0.49176954732510286,486.0,239.0
push_pushrequirement,PUSH_1_FEWER_OR_MORE,push: PUSH_1 + pushrequirement: FEWER_OR_MORE,0.49176954732510286,486.0,239.0
pushrequirement_victory,EQUAL_ONE_OF_EACH,pushrequirement: EQUAL + victory: ONE_OF_EACH,0.49107142857142855,112.0,55.0
movement_pushrequirement,MOVE_EXACTLY_2_EVEN,movement: MOVE_EXACTLY_2 + pushrequirement: EVEN,0.4909090909090909,110.0,54.0
movement_victory,MOVE_EXACTLY_2_ONE_OF_EACH,movement: MOVE_EXACTLY_2 + victory: ONE_OF_EACH,0.49047619047619045,210.0,103.0
pushout_victory,CENTER_IF_FREE_ONE_OF_EACH,pushout: CENTER_IF_FREE + victory: ONE_OF_EACH,0.4891304347826087,276.0,135.0
pushout_pushrequirement,CENTER_REPLACE_MORE,pushout: CENTER_REPLACE + pushrequirement: MORE,0.48823529411764705,170.0,83.0
pushout_pushrequirement,CENTER_REPLACE_UNEVEN,pushout: CENTER_REPLACE + pushrequirement: UNEVEN,0.48717948717948717,156.0,76.0
movement_victory,LEAPFROG_ANY_THREE,movement: LEAPFROG + victory: ANY_THREE,0.487012987012987,154.0,75.0
push_pushrequirement,PUSH_1_UNEVEN,push: PUSH_1 + pushrequirement: UNEVEN,0.4868421052631579,532.0,259.0
pushrequirement,UNEVEN,pushrequirement: UNEVEN,0.4868421052631579,532.0,259.0
movement_pushrequirement,MOVE_EXACTLY_2_MORE_OR_EQUAL,movement: MOVE_EXACTLY_2 + pushrequirement: MORE_OR_EQUAL,0.4864864864864865,148.0,72.0
movement_pushrequirement,MOVE_1_MORE_OR_EQUAL,movement: MOVE_1 + pushrequirement: MORE_OR_EQUAL,0.48412698412698413,126.0,61.0
pushrequirement_victory,FEWER_OR_MORE_ANY_THREE,pushrequirement: FEWER_OR_MORE + victory: ANY_THREE,0.4838709677419355,124.0,60.0
movement,LEAPFROG,movement: LEAPFROG,0.4816272965879265,762.0,367.0
movement_push,LEAPFROG_PUSH_1,movement: LEAPFROG + push: PUSH_1,0.4816272965879265,762.0,367.0
pushout_victory,OUT_IS_GONE_ONE_OF_EACH,pushout: OUT_IS_GONE + victory: ONE_OF_EACH,0.4807692307692308,312.0,150.0
movement_pushrequirement,MOVE_2_UNEVEN,movement: MOVE_2 + pushrequirement: UNEVEN,0.48,150.0,72.0
pushrequirement_victory,UNEVEN_YOUR_COLOR,pushrequirement: UNEVEN + victory: YOUR_COLOR,0.4772727272727273,132.0,63.0
pushout_pushrequirement,OUT_IS_GONE_UNEVEN,pushout: OUT_IS_GONE + pushrequirement: UNEVEN,0.47619047619047616,168.0,80.0
movement_pushrequirement,MOVE_2_MORE,movement: MOVE_2 + pushrequirement: MORE,0.4732142857142857,112.0,53.0
pushout_victory,CENTER_REPLACE_YOUR_COLOR,pushout: CENTER_REPLACE + victory: YOUR_COLOR,0.47183098591549294,284.0,134.0
pushrequirement_victory,EVEN_ANY_THREE,pushrequirement: EVEN + victory: ANY_THREE,0.47115384615384615,104.0,49.0
movement_pushrequirement,MOVE_1_MORE,movement: MOVE_1 + pushrequirement: MORE,0.47058823529411764,136.0,64.0
movement_victory,LEAPFROG_PUSH_OUT,movement: LEAPFROG + victory: PUSH_OUT,0.47029702970297027,202.0,95.0
movement_victory,MOVE_EXACTLY_2_ANY_THREE,movement: MOVE_EXACTLY_2 + victory: ANY_THREE,0.4700854700854701,234.0,110.0
movement_pushout,LEAPFROG_CENTER_IF_FREE,movement: LEAPFROG + pushout: CENTER_IF_FREE,0.4696969696969697,264.0,124.0
movement_pushrequirement,MOVE_2_FEWER_OR_MORE,movement: MOVE_2 + pushrequirement: FEWER_OR_MORE,0.4696969696969697,132.0,62.0
pushrequirement_victory,EVEN_ONE_OF_EACH,pushrequirement: EVEN + victory: ONE_OF_EACH,0.46923076923076923,130.0,61.0
pushout_pushrequirement,OUT_IS_GONE_MORE_OR_EQUAL,pushout: OUT_IS_GONE + pushrequirement: MORE_OR_EQUAL,0.46875,160.0,75.0
pushrequirement_victory,FEWER_OR_MORE_ONE_OF_EACH,pushrequirement: FEWER_OR_MORE + victory: ONE_OF_EACH,0.46875,128.0,60.0
pushout_victory,CENTER_IF_FREE_YOUR_COLOR,pushout: CENTER_IF_FREE + victory: YOUR_COLOR,0.46853146853146854,286.0,134.0
push_victory,PUSH_1_ONE_OF_EACH,push: PUSH_1 + victory: ONE_OF_EACH,0.4683257918552036,884.0,414.0
victory,ONE_OF_EACH,victory: ONE_OF_EACH,0.4683257918552036,884.0,414.0
push_pushrequirement,PUSH_1_MORE_OR_EQUAL,push: PUSH_1 + pushrequirement: MORE_OR_EQUAL,0.4678714859437751,498.0,233.0
pushrequirement,MORE_OR_EQUAL,pushrequirement: MORE_OR_EQUAL,0.4678714859437751,498.0,233.0
movement_pushrequirement,LEAPFROG_UNEVEN,movement: LEAPFROG + pushrequirement: UNEVEN,0.46774193548387094,124.0,58.0
pushrequirement_victory,MORE_OR_EQUAL_ANY_THREE,pushrequirement: MORE_OR_EQUAL + victory: ANY_THREE,0.4672131147540984,122.0,57.0
pushout_pushrequirement,CENTER_REPLACE_FEWER_OR_MORE,pushout: CENTER_REPLACE + pushrequirement: FEWER_OR_MORE,0.46621621621621623,148.0,69.0
pushrequirement_victory,MORE_OR_EQUAL_YOUR_COLOR,pushrequirement: MORE_OR_EQUAL + victory: YOUR_COLOR,0.4661016949152542,118.0,55.0
pushout_victory,CENTER_IF_FREE_ANY_THREE,pushout: CENTER_IF_FREE + victory: ANY_THREE,0.46598639455782315,294.0,137.0
pushrequirement_victory,FEWER_OR_MORE_PUSH_OUT,pushrequirement: FEWER_OR_MORE + victory: PUSH_OUT,0.4649122807017544,114.0,53.0
movement_pushrequirement,MOVE_2_MORE_OR_EQUAL,movement: MOVE_2 + pushrequirement: MORE_OR_EQUAL,0.4642857142857143,112.0,52.0
movement_pushout,LEAPFROG_CENTER_REPLACE,movement: LEAPFROG + pushout: CENTER_REPLACE,0.464,250.0,116.0
push_pushout,PUSH_1_CENTER_IF_FREE,push: PUSH_1 + pushout: CENTER_IF_FREE,0.46283185840707963,1130.0,523.0
pushout,CENTER_IF_FREE,pushout: CENTER_IF_FREE,0.46283185840707963,1130.0,523.0
movement_victory,LEAPFROG_ONE_OF_EACH,movement: LEAPFROG + victory: ONE_OF_EACH,0.46153846153846156,182.0,84.0
pushout_pushrequirement,OUT_IS_GONE_FEWER_OR_MORE,pushout: OUT_IS_GONE + pushrequirement: FEWER_OR_MORE,0.45977011494252873,174.0,80.0
pushout_victory,OUT_IS_GONE_ANY_THREE,pushout: OUT_IS_GONE + victory: ANY_THREE,0.45934959349593496,246.0,113.0
movement_victory,MOVE_2_PUSH_OUT,movement: MOVE_2 + victory: PUSH_OUT,0.45794392523364486,214.0,98.0
movement_victory,MOVE_EXACTLY_2_YOUR_COLOR,movement: MOVE_EXACTLY_2 + victory: YOUR_COLOR,0.4566929133858268,254.0,116.0
pushout_victory,CENTER_REPLACE_PUSH_OUT,pushout: CENTER_REPLACE + victory: PUSH_OUT,0.45652173913043476,276.0,126.0
movement_push,MOVE_EXACTLY_2_PUSH_1,movement: MOVE_EXACTLY_2 + push: PUSH_1,0.45617977528089887,890.0,406.0
movement,MOVE_EXACTLY_2,movement: MOVE_EXACTLY_2,0.45617977528089887,890.0,406.0
movement_pushrequirement,MOVE_1_EVEN,movement: MOVE_1 + pushrequirement: EVEN,0.45535714285714285,112.0,51.0
movement_pushrequirement,MOVE_EXACTLY_2_FEWER_OR_MORE,movement: MOVE_EXACTLY_2 + pushrequirement: FEWER_OR_MORE,0.453125,128.0,58.0
pushrequirement_victory,UNEVEN_PUSH_OUT,pushrequirement: UNEVEN + victory: PUSH_OUT,0.45161290322580644,124.0,56.0
push,PUSH_1,push: PUSH_1,0.4486794717887155,3332.0,1495.0
movement_pushout,MOVE_1_CENTER_IF_FREE,movement: MOVE_1 + pushout: CENTER_IF_FREE,0.44755244755244755,286.0,128.0
push_victory,PUSH_1_YOUR_COLOR,push: PUSH_1 + victory: YOUR_COLOR,0.4466824644549763,844.0,377.0
victory,YOUR_COLOR,victory: YOUR_COLOR,0.4466824644549763,844.0,377.0
movement_push,MOVE_2_PUSH_1,movement: MOVE_2 + push: PUSH_1,0.44651162790697674,860.0,384.0
movement,MOVE_2,movement: MOVE_2,0.44651162790697674,860.0,384.0
pushout_pushrequirement,OUT_IS_GONE_EVEN,pushout: OUT_IS_GONE + pushrequirement: EVEN,0.44594594594594594,148.0,66.0
victory,ANY_THREE,victory: ANY_THREE,0.44402985074626866,804.0,357.0
push_victory,PUSH_1_ANY_THREE,push: PUSH_1 + victory: ANY_THREE,0.44402985074626866,804.0,357.0
pushrequirement_victory,UNEVEN_ANY_THREE,pushrequirement: UNEVEN + victory: ANY_THREE,0.44366197183098594,142.0,63.0
pushout,CENTER_REPLACE,pushout: CENTER_REPLACE,0.44285714285714284,1120.0,496.0
push_pushout,PUSH_1_CENTER_REPLACE,push: PUSH_1 + pushout: CENTER_REPLACE,0.44285714285714284,1120.0,496.0
movement_pushrequirement,MOVE_1_UNEVEN,movement: MOVE_1 + pushrequirement: UNEVEN,0.4426229508196721,122.0,54.0
pushout,OUT_IS_GONE,pushout: OUT_IS_GONE,0.4399260628465804,1082.0,476.0
push_pushout,PUSH_1_OUT_IS_GONE,push: PUSH_1 + pushout: OUT_IS_GONE,0.4399260628465804,1082.0,476.0
pushout_victory,CENTER_REPLACE_ONE_OF_EACH,pushout: CENTER_REPLACE + victory: ONE_OF_EACH,0.4358108108108108,296.0,129.0
pushout_pushrequirement,CENTER_IF_FREE_MORE_OR_EQUAL,pushout: CENTER_IF_FREE + pushrequirement: MORE_OR_EQUAL,0.43529411764705883,170.0,74.0
movement_pushout,MOVE_EXACTLY_2_OUT_IS_GONE,movement: MOVE_EXACTLY_2 + pushout: OUT_IS_GONE,0.43448275862068964,290.0,126.0
victory,PUSH_OUT,victory: PUSH_OUT,0.43375,800.0,347.0
push_victory,PUSH_1_PUSH_OUT,push: PUSH_1 + victory: PUSH_OUT,0.43375,800.0,347.0
movement_pushout,MOVE_EXACTLY_2_CENTER_IF_FREE,movement: MOVE_EXACTLY_2 + pushout: CENTER_IF_FREE,0.43243243243243246,296.0,128.0
movement_pushrequirement,LEAPFROG_MORE_OR_EQUAL,movement: LEAPFROG + pushrequirement: MORE_OR_EQUAL,0.42857142857142855,112.0,48.0
pushrequirement_victory,MORE_OR_EQUAL_ONE_OF_EACH,pushrequirement: MORE_OR_EQUAL + victory: ONE_OF_EACH,0.42857142857142855,140.0,60.0
pushout_victory,CENTER_IF_FREE_PUSH_OUT,pushout: CENTER_IF_FREE + victory: PUSH_OUT,0.42700729927007297,274.0,117.0
movement_victory,MOVE_1_YOUR_COLOR,movement: MOVE_1 + victory: YOUR_COLOR,0.42441860465116277,172.0,73.0
movement_pushout,MOVE_2_CENTER_REPLACE,movement: MOVE_2 + pushout: CENTER_REPLACE,0.4219858156028369,282.0,119.0
movement_victory,MOVE_2_ANY_THREE,movement: MOVE_2 + victory: ANY_THREE,0.4207920792079208,202.0,85.0
movement_victory,MOVE_1_ONE_OF_EACH,movement: MOVE_1 + victory: ONE_OF_EACH,0.41735537190082644,242.0,101.0
pushout_victory,OUT_IS_GONE_PUSH_OUT,pushout: OUT_IS_GONE + victory: PUSH_OUT,0.416,250.0,104.0
movement_pushout,MOVE_2_OUT_IS_GONE,movement: MOVE_2 + pushout: OUT_IS_GONE,0.41496598639455784,294.0,122.0
movement_push,MOVE_1_PUSH_1,movement: MOVE_1 + push: PUSH_1,0.4121951219512195,820.0,338.0
movement,MOVE_1,movement: MOVE_1,0.4121951219512195,820.0,338.0
movement_victory,MOVE_1_ANY_THREE,movement: MOVE_1 + victory: ANY_THREE,0.40654205607476634,214.0,87.0
pushout_victory,CENTER_REPLACE_ANY_THREE,pushout: CENTER_REPLACE + victory: ANY_THREE,0.4053030303030303,264.0,107.0
movement_pushout,MOVE_1_OUT_IS_GONE,movement: MOVE_1 + pushout: OUT_IS_GONE,0.404,250.0,101.0
movement_victory,MOVE_1_PUSH_OUT,movement: MOVE_1 + victory: PUSH_OUT,0.4010416666666667,192.0,77.0
movement_victory,MOVE_EXACTLY_2_PUSH_OUT,movement: MOVE_EXACTLY_2 + victory: PUSH_OUT,0.4010416666666667,192.0,77.0
pushout_victory,OUT_IS_GONE_YOUR_COLOR,pushout: OUT_IS_GONE + victory: YOUR_COLOR,0.3978102189781022,274.0,109.0
movement_pushrequirement,LEAPFROG_FEWER_OR_EQUAL,movement: LEAPFROG + pushrequirement: FEWER_OR_EQUAL,0.3888888888888889,72.0,28.0
movement_victory,MOVE_2_YOUR_COLOR,movement: MOVE_2 + victory: YOUR_COLOR,0.3865979381443299,194.0,75.0
movement_pushout,MOVE_1_CENTER_REPLACE,movement: MOVE_1 + pushout: CENTER_REPLACE,0.38380281690140844,284.0,109.0
pushout_pushrequirement,OUT_IS_GONE_EQUAL,pushout: OUT_IS_GONE + pushrequirement: EQUAL,0.3767123287671233,146.0,55.0
movement_pushrequirement,LEAPFROG_EQUAL,movement: LEAPFROG + pushrequirement: EQUAL,0.36792452830188677,106.0,39.0
pushout_pushrequirement,CENTER_IF_FREE_FEWER_OR_EQUAL,pushout: CENTER_IF_FREE + pushrequirement: FEWER_OR_EQUAL,0.3582089552238806,134.0,48.0
pushrequirement_victory,FEWER_OR_EQUAL_ANY_THREE,pushrequirement: FEWER_OR_EQUAL + victory: ANY_THREE,0.3557692307692308,104.0,37.0
movement_pushrequirement,MOVE_2_EQUAL,movement: MOVE_2 + pushrequirement: EQUAL,0.35294117647058826,102.0,36.0
pushrequirement_victory,EQUAL_ANY_THREE,pushrequirement: EQUAL + victory: ANY_THREE,0.34615384615384615,104.0,36.0
movement_pushrequirement,MOVE_EXACTLY_2_EQUAL,movement: MOVE_EXACTLY_2 + pushrequirement: EQUAL,0.34558823529411764,136.0,47.0
movement_pushrequirement,MOVE_2_FEWER_OR_EQUAL,movement: MOVE_2 + pushrequirement: FEWER_OR_EQUAL,0.3448275862068966,116.0,40.0
pushrequirement_victory,FEWER_OR_EQUAL_ONE_OF_EACH,pushrequirement: FEWER_OR_EQUAL + victory: ONE_OF_EACH,0.3392857142857143,112.0,38.0
movement_pushrequirement,MOVE_EXACTLY_2_FEWER_OR_EQUAL,movement: MOVE_EXACTLY_2 + pushrequirement: FEWER_OR_EQUAL,0.33064516129032256,124.0,41.0
pushrequirement_victory,FEWER_OR_EQUAL_YOUR_COLOR,pushrequirement: FEWER_OR_EQUAL + victory: YOUR_COLOR,0.32142857142857145,112.0,36.0
pushrequirement,EQUAL,pushrequirement: EQUAL,0.3212669683257919,442.0,142.0
push_pushrequirement,PUSH_1_EQUAL,push: PUSH_1 + pushrequirement: EQUAL,0.3212669683257919,442.0,142.0
pushrequirement,FEWER_OR_EQUAL,pushrequirement: FEWER_OR_EQUAL,0.32038834951456313,412.0,132.0
push_pushrequirement,PUSH_1_FEWER_OR_EQUAL,push: PUSH_1 + pushrequirement: FEWER_OR_EQUAL,0.32038834951456313,412.0,132.0
pushout_pushrequirement,CENTER_REPLACE_FEWER_OR_EQUAL,pushout: CENTER_REPLACE + pushrequirement: FEWER_OR_EQUAL,0.3082191780821918,146.0,45.0
pushout_pushrequirement,CENTER_IF_FREE_EQUAL,pushout: CENTER_IF_FREE + pushrequirement: EQUAL,0.29850746268656714,134.0,40.0
pushout_pushrequirement,OUT_IS_GONE_FEWER_OR_EQUAL,pushout: OUT_IS_GONE + pushrequirement: FEWER_OR_EQUAL,0.29545454545454547,132.0,39.0
pushout_pushrequirement,CENTER_REPLACE_EQUAL,pushout: CENTER_REPLACE + pushrequirement: EQUAL,0.29012345679012347,162.0,47.0
pushrequirement_victory,FEWER_OR_EQUAL_PUSH_OUT,pushrequirement: FEWER_OR_EQUAL + victory: PUSH_OUT,0.25,84.0,21.0
pushrequirement_victory,EQUAL_YOUR_COLOR,pushrequirement: EQUAL + victory: YOUR_COLOR,0.24615384615384617,130.0,32.0
movement_pushrequirement,MOVE_1_FEWER_OR_EQUAL,movement: MOVE_1 + pushrequirement: FEWER_OR_EQUAL,0.23,100.0,23.0
movement_pushrequirement,MOVE_1_EQUAL,movement: MOVE_1 + pushrequirement: EQUAL,0.20408163265306123,98.0,20.0
pushrequirement_victory,EQUAL_PUSH_OUT,pushrequirement: EQUAL + victory: PUSH_OUT,0.19791666666666666,96.0,19.0
